split,file,gloss
train,15890366051589533-APPLE.mp4,APPLE
train,35618482303951104-IMPOSSIBLE.mp4,IMPOSSIBLE
train,6958143575951994-PARK.mp4,PARK
train,8006032738002744-SOCCER 2.mp4,SOCCER2
train,37542279833186454-STINK.mp4,STINK
train,9498964909837952-ROSE.mp4,ROSE
train,9618808117704574-HUG.mp4,HUG
train,15543213389651633-TUBE.mp4,TUBE
train,9162908944303221-COUNT.mp4,COUNT
train,14154575310664197-NICE.mp4,NICE
train,996512226187074-EASY TO_DO.mp4,EASYTODO
train,0033742275375785447-INFLUENCE.mp4,INFLUENCE
train,02808154918358552-PEACOCK.mp4,PEACOCK
train,8068093518563271-CIRCUSWHEEL.mp4,CIRCUSWHEEL
train,6652814499755777-NOSE.mp4,NOSE
train,23247991626849585-GYM.mp4,GYM
train,20880000068819649-WEAVE.mp4,WEAVE
train,13621431540213602-SMOOTH.mp4,SMOOTH
train,4520498201410337-BACKPACK.mp4,BACKPACK1
train,16994877911771145-WE.mp4,WE
train,7090729284366466-DOWNHILL.mp4,DOWNHILL
train,19003684436528423-JUICE 2.mp4,JUICE1
train,8221969382671432-SCOLD.mp4,SCOLD
train,12338257144617781-POWDER.mp4,POWDER
train,7480838717347633-SOCIAL.mp4,SOCIAL
train,6523179384259175-PULL CONVINCE.mp4,PULLCONVINCE
train,7448818785190525-CAPTURE.mp4,CAPTURE
train,02551571232229133-PONDER.mp4,PONDER
train,8643853796183107-JOKE.mp4,JOKE
train,8782764153522997-SOCIETY.mp4,SOCIETY
train,7316392299762329-WATERDROP.mp4,WATERDROP
train,21344274764159632-ANYONE.mp4,ANYONE
train,2381384470099226-MAPLE.mp4,MAPLE
train,44939873429204336-CEMETERY.mp4,CEMETERY
train,48967843716521897-FAIL.mp4,FAIL
train,5670505226343947-KNIGHT.mp4,KNIGHT1
train,6235541652821013-ALL OF_SUDDEN.mp4,ALLOFSUDDEN
train,9037793072145501-TOTAL.mp4,TOTAL
train,9060451576078816-COOL 3.mp4,COOL3
train,03909340585346133-FASHION.mp4,FASHION
train,6831527585028447-LONG AGO.mp4,LONGAGO
train,34318091362618364-BECOME.mp4,BECOME
train,001428415918161674-IMPROVE.mp4,IMPROVE
train,5266228840785678-UNCERTAIN.mp4,UNCERTAIN
train,1676037390807208-GREET.mp4,GREET1
train,03369501517929252-PROPOSE.mp4,PROPOSE
train,36286598060839914-TOSS OUT.mp4,TOSSOUT
train,42981546208191546-SQUARE.mp4,SQUARE
train,8517954107198269-EMPTY 2.mp4,EMPTY2
train,654679171689897-APPLE.mp4,APPLE
train,5868753228914183-IMPOSSIBLE.mp4,IMPOSSIBLE
train,5662880671112962-PARK.mp4,PARK
train,23750861250634614-STINK.mp4,STINK
train,15747884716509963-ROSE.mp4,ROSE
train,5460269220331138-HUG.mp4,HUG
train,10215603974987486-TUBE.mp4,TUBE
train,8675914629662917-COUNT.mp4,COUNT
train,18199086230023087-NICE.mp4,NICE
train,6022620990262424-EASY TO_DO.mp4,EASYTODO
train,4713001664096925-INFLUENCE.mp4,INFLUENCE
train,4499250795706189-CIRCUSWHEEL.mp4,CIRCUSWHEEL
train,27103930782829466-NOSE.mp4,NOSE
train,9121237989915896-GYM.mp4,GYM
train,6416278179941874-WEAVE.mp4,WEAVE
train,8801673159859185-SMOOTH.mp4,SMOOTH
train,8875256912597131-BACKPACK.mp4,BACKPACK1
train,5346957049353451-WE.mp4,WE
train,3237841089626472-DOWNHILL.mp4,DOWNHILL
train,8673853297757075-JUICE 2.mp4,JUICE1
train,7275461608600278-SCOLD.mp4,SCOLD
train,8342259238668124-POWDER.mp4,POWDER
train,2501721560408141-SOCIAL.mp4,SOCIAL
train,2746482938137922-CAPTURE.mp4,CAPTURE
train,7476109931780017-PONDER.mp4,PONDER
train,33372376790577385-JOKE.mp4,JOKE
train,8763478538813974-SOCIETY.mp4,SOCIETY
train,6019042581182006-WATERDROP.mp4,WATERDROP
train,931782741467386-ANYONE.mp4,ANYONE
train,5418273984027029-CEMETERY.mp4,CEMETERY
train,3810108088744719-FAIL.mp4,FAIL
train,62432102043786-KNIGHT.mp4,KNIGHT1
train,3140572918045199-ALL OF_SUDDEN.mp4,ALLOFSUDDEN
train,26442801372084057-TOTAL.mp4,TOTAL
train,613903843341741-COOL 3.mp4,COOL3
train,19185527558933835-LONG AGO.mp4,LONGAGO
train,6459252267958286-BECOME.mp4,BECOME
train,047964805851413495-IMPROVE.mp4,IMPROVE
train,5908448341148838-UNCERTAIN.mp4,UNCERTAIN
train,9778046529233306-GREET.mp4,GREET1
train,3909940550052129-PROPOSE.mp4,PROPOSE
train,19744460835584432-TOSS OUT.mp4,TOSSOUT
train,5406966366518051-SQUARE.mp4,SQUARE
train,14052296225070893-BACKPACK.mp4,BACKPACK1
train,60085579467325-APPLE.mp4,APPLE
train,9456034138796046-IMPOSSIBLE.mp4,IMPOSSIBLE
train,758835724170823-PARK.mp4,PARK
train,4296628437490111-SOCCER 2.mp4,SOCCER2
train,8974586496745574-STINK.mp4,STINK
train,7887674832651268-ROSE.mp4,ROSE
train,2533700608131162-HUG.mp4,HUG
train,39724298100683586-TUBE.mp4,TUBE
train,6447224024551217-COUNT.mp4,COUNT
train,3597949009905055-NICE.mp4,NICE
train,6760439916067384-EASY TO_DO.mp4,EASYTODO
train,7188185690882314-INFLUENCE.mp4,INFLUENCE
train,011333819686008217-PEACOCK.mp4,PEACOCK
train,7303477097205586-CIRCUSWHEEL.mp4,CIRCUSWHEEL
train,024011464372713398-NOSE.mp4,NOSE
train,9759517528565997-GYM.mp4,GYM
train,6869661482649054-WEAVE.mp4,WEAVE
train,9576162261212695-SMOOTH.mp4,SMOOTH
train,402799943476833-BACKPACK.mp4,BACKPACK1
train,193766215011427-WE.mp4,WE
train,21062694853324015-DOWNHILL.mp4,DOWNHILL
train,2033811194245334-JUICE 2.mp4,JUICE1
train,10519132337113168-SCOLD.mp4,SCOLD
train,9375257849788068-POWDER.mp4,POWDER
train,8567560062300015-SOCIAL.mp4,SOCIAL
train,0009701491968876486-PULL CONVINCE.mp4,PULLCONVINCE
train,941566774478487-CAPTURE.mp4,CAPTURE
train,79908701976413-PONDER.mp4,PONDER
train,12346770580162225-JOKE.mp4,JOKE
train,39620919491442197-SOCIETY.mp4,SOCIETY
train,7646621786777874-WATERDROP.mp4,WATERDROP
train,2590930129006048-ANYONE.mp4,ANYONE
train,9467535744773914-MAPLE.mp4,MAPLE
train,4700164980726875-CEMETERY.mp4,CEMETERY
train,6566958242484378-FAIL.mp4,FAIL
train,04374941905926821-KNIGHT.mp4,KNIGHT1
train,7494826589826964-ALL OF_SUDDEN.mp4,ALLOFSUDDEN
train,038096166121724284-TOTAL.mp4,TOTAL
train,05399800038436342-COOL 3.mp4,COOL3
train,7562077282774307-FASHION.mp4,FASHION
train,3239316431732939-LONG AGO.mp4,LONGAGO
train,9937921981224223-BECOME.mp4,BECOME
train,30139252759341084-IMPROVE.mp4,IMPROVE
train,8583121038136252-UNCERTAIN.mp4,UNCERTAIN
train,7108325310454742-GREET.mp4,GREET1
train,45598940201514604-PROPOSE.mp4,PROPOSE
train,36439437341311876-TOSS OUT.mp4,TOSSOUT
train,42205716128135684-SQUARE.mp4,SQUARE
train,8507496487441046-EMPTY 2.mp4,EMPTY2
train,815549920734588-BACKPACK.mp4,BACKPACK1
train,9887798353281838-IMPOSSIBLE.mp4,IMPOSSIBLE
train,4756276002771511-PARK.mp4,PARK
train,4352596043247927-SOCCER 2.mp4,SOCCER2
train,72398367775821-SOCCER 2.mp4,SOCCER2
train,7220982304659023-PEACOCK.mp4,PEACOCK
train,8586791498874051-PULL CONVINCE.mp4,PULLCONVINCE
train,6197638079330103-MAPLE.mp4,MAPLE
train,3492884473364901-FASHION.mp4,FASHION
train,7530954434288228-PEACOCK.mp4,PEACOCK
train,13661707748407892-PULL CONVINCE.mp4,PULLCONVINCE
train,621574532525299-MAPLE.mp4,MAPLE
train,20190810541906523-FASHION.mp4,FASHION
train,6839157796241302-EMPTY 2.mp4,EMPTY2
train,5223569270154316-STINK.mp4,STINK
train,22790135530922973-ROSE.mp4,ROSE
train,3385212251988077-HUG.mp4,HUG
train,8809577301056204-TUBE.mp4,TUBE
train,9350741124953528-COUNT.mp4,COUNT
train,8565239257906878-NICE.mp4,NICE
train,4632003290939186-EASY TO_DO.mp4,EASYTODO
train,19835755460109628-INFLUENCE.mp4,INFLUENCE
train,54388655475997-CIRCUSWHEEL.mp4,CIRCUSWHEEL
train,33334259968320534-NOSE.mp4,NOSE
train,3563320098500957-GYM.mp4,GYM
train,12161806838201228-WEAVE.mp4,WEAVE
train,19016571840954066-SMOOTH.mp4,SMOOTH
train,5341868573477482-BACKPACK.mp4,BACKPACK1
train,274934874875824-WE.mp4,WE
train,354738572582326-DOWNHILL.mp4,DOWNHILL
train,8349278077203259-JUICE 2.mp4,JUICE1
train,6826793720824598-SCOLD.mp4,SCOLD
train,7152709624417177-POWDER.mp4,POWDER
train,055045858028741845-SOCIAL.mp4,SOCIAL
train,20032450550143444-CAPTURE.mp4,CAPTURE
train,025410842806858902-PONDER.mp4,PONDER
train,6927614748009354-JOKE.mp4,JOKE
train,7652109171602834-SOCIETY.mp4,SOCIETY
train,3751654318891431-WATERDROP.mp4,WATERDROP
train,2831801404562706-ANYONE.mp4,ANYONE
train,06932549531498955-CEMETERY.mp4,CEMETERY
train,6883049879359076-FAIL.mp4,FAIL
train,774634373475865-KNIGHT.mp4,KNIGHT1
train,6181166861944667-ALL OF_SUDDEN.mp4,ALLOFSUDDEN
train,013132284306153874-TOTAL.mp4,TOTAL
train,09525955724302748-COOL 3.mp4,COOL3
train,7527802405491184-LONG AGO.mp4,LONGAGO
train,0799259173630189-BECOME.mp4,BECOME
train,12224428542825305-IMPROVE.mp4,IMPROVE
train,5300143077454542-UNCERTAIN.mp4,UNCERTAIN
train,48274457266666815-GREET.mp4,GREET1
train,09187889383282122-PROPOSE.mp4,PROPOSE
train,8104864632034561-TOSS OUT.mp4,TOSSOUT
train,7132719455775458-SQUARE.mp4,SQUARE
train,6100485201369457-APPLE.mp4,APPLE
train,052702787256504235-IMPOSSIBLE.mp4,IMPOSSIBLE
train,7146499232909553-APPLE.mp4,APPLE
train,5521463771740738-PARK.mp4,PARK
train,5133909009368303-SOCCER 2.mp4,SOCCER2
train,45004687075063177-BACKPACK.mp4,BACKPACK1
train,8517448726826391-STINK.mp4,STINK
train,8288712884359115-ROSE.mp4,ROSE
train,7192725183513502-HUG.mp4,HUG
train,7711629024620055-TUBE.mp4,TUBE
train,0631439587401208-COUNT.mp4,COUNT
train,2575780253377702-NICE.mp4,NICE
train,17784133013795778-EASY TO_DO.mp4,EASYTODO
train,2916273541269445-INFLUENCE.mp4,INFLUENCE
train,1642358988800261-PEACOCK.mp4,PEACOCK
train,6244519688579746-CIRCUSWHEEL.mp4,CIRCUSWHEEL
train,9749846209389852-NOSE.mp4,NOSE
train,4929807481958943-WEAVE.mp4,WEAVE
train,802047536711731-SMOOTH.mp4,SMOOTH
train,36753258402615074-WE.mp4,WE
train,38193381616190214-DOWNHILL.mp4,DOWNHILL
train,6826258161065177-JUICE 2.mp4,JUICE1
train,5350834216995568-SCOLD.mp4,SCOLD
train,7206952052222271-POWDER.mp4,POWDER
train,9105037398129889-PULL CONVINCE.mp4,PULLCONVINCE
train,43632096411966104-CAPTURE.mp4,CAPTURE
train,44598012598160386-PONDER.mp4,PONDER
train,7754218924755283-JOKE.mp4,JOKE
train,7215044422719301-SOCIETY.mp4,SOCIETY
train,24170625384326772-ANYONE.mp4,ANYONE
train,25342203817340914-CEMETERY.mp4,CEMETERY
train,46016543489860795-FAIL.mp4,FAIL
train,11637594283461516-KNIGHT.mp4,KNIGHT1
train,05924519578541765-ALL OF_SUDDEN.mp4,ALLOFSUDDEN
train,3123545197960036-COOL 3.mp4,COOL3
train,595713796148037-FASHION.mp4,FASHION
train,8373552589107214-BECOME.mp4,BECOME
train,04342376808627835-IMPROVE.mp4,IMPROVE
train,8757636005003948-UNCERTAIN.mp4,UNCERTAIN
train,28032719810675766-GREET.mp4,GREET1
train,3623650460966088-EMPTY 2.mp4,EMPTY2
train,43040594979190994-APPLE.mp4,APPLE
train,4943875150704522-IMPOSSIBLE.mp4,IMPOSSIBLE
train,5928723001398957-PARK.mp4,PARK
train,7392756617219132-SOCCER 2.mp4,SOCCER2
train,8177895057256421-STINK.mp4,STINK
train,513303524883304-ROSE.mp4,ROSE
train,9114465943428074-HUG.mp4,HUG
train,7018503083775807-TUBE.mp4,TUBE
train,8148079915777966-COUNT.mp4,COUNT
train,48644253199320775-NICE.mp4,NICE
train,31301859944647825-EASY TO_DO.mp4,EASYTODO
train,5440638763202545-INFLUENCE.mp4,INFLUENCE
train,16518943966068345-PEACOCK.mp4,PEACOCK
train,6930758944523581-CIRCUSWHEEL.mp4,CIRCUSWHEEL
train,27763818780548877-NOSE.mp4,NOSE
train,1158347348741402-GYM.mp4,GYM
train,2157715517446943-WEAVE.mp4,WEAVE
train,1990891110297086-SMOOTH.mp4,SMOOTH
train,7892778893886601-BACKPACK.mp4,BACKPACK1
train,7484839279145117-WE.mp4,WE
train,7173153610007821-DOWNHILL.mp4,DOWNHILL
train,3766610365807559-JUICE 2.mp4,JUICE1
train,4376281909010069-SCOLD.mp4,SCOLD
train,7493070173543583-POWDER.mp4,POWDER
train,9090533156232943-SOCIAL.mp4,SOCIAL
train,9066225610477088-PULL CONVINCE.mp4,PULLCONVINCE
train,07431273052799936-CAPTURE.mp4,CAPTURE
train,6966691852613083-PONDER.mp4,PONDER
train,706529474936747-JOKE.mp4,JOKE
train,23184165184680006-SOCIETY.mp4,SOCIETY
train,13318417382606285-WATERDROP.mp4,WATERDROP
train,534254020500949-ANYONE.mp4,ANYONE
train,7376434222720061-MAPLE.mp4,MAPLE
train,2813735428474613-CEMETERY.mp4,CEMETERY
train,5795861830100906-FAIL.mp4,FAIL
train,9731526662220651-KNIGHT.mp4,KNIGHT1
train,9687463829364669-ALL OF_SUDDEN.mp4,ALLOFSUDDEN
train,4226709831904363-TOTAL.mp4,TOTAL
train,610596498241393-COOL 3.mp4,COOL3
train,11951927798571393-FASHION.mp4,FASHION
train,4148566272849812-LONG AGO.mp4,LONGAGO
train,6206277359819543-BECOME.mp4,BECOME
train,27729977052943555-IMPROVE.mp4,IMPROVE
train,42865044409237596-UNCERTAIN.mp4,UNCERTAIN
train,30700372463031633-GREET.mp4,GREET1
train,32862994665203815-PROPOSE.mp4,PROPOSE
train,06218123540532905-TOSS OUT.mp4,TOSSOUT
train,3473947155167165-SQUARE.mp4,SQUARE
train,08808773664342917-EMPTY 2.mp4,EMPTY2
train,11062277024975242-MAPLE.mp4,MAPLE
train,5794276138624685-KNIGHT.mp4,KNIGHT1
train,22680246135783277-EMPTY 2.mp4,EMPTY2
train,050694111976633094-APPLE.mp4,APPLE
train,8347332516654729-IMPOSSIBLE.mp4,IMPOSSIBLE
train,7855257066114658-MAPLE.mp4,MAPLE
train,9718368524281575-KNIGHT.mp4,KNIGHT1
train,3464418631329387-EMPTY 2.mp4,EMPTY2
train,4193751115704505-PARK.mp4,PARK
train,9591022067778459-SOCCER 2.mp4,SOCCER2
train,3373932333649923-STINK.mp4,STINK
train,8751040445230662-ROSE.mp4,ROSE
train,24113482191801427-HUG.mp4,HUG
train,8567492415137985-TUBE.mp4,TUBE
train,7287123380780298-COUNT.mp4,COUNT
train,25236629084275086-NICE.mp4,NICE
train,7342952201700828-EASY TO_DO.mp4,EASYTODO
train,9642105120905415-INFLUENCE.mp4,INFLUENCE
train,9487582988599914-PEACOCK.mp4,PEACOCK
train,8337453304820976-CIRCUSWHEEL.mp4,CIRCUSWHEEL
train,8366576122149043-NOSE.mp4,NOSE
train,5382422272916858-GYM.mp4,GYM
train,9483951740641772-WEAVE.mp4,WEAVE
train,7977808002955764-SMOOTH.mp4,SMOOTH
train,611169085227955-BACKPACK.mp4,BACKPACK1
train,8279377520732154-WE.mp4,WE
train,20477289605456983-DOWNHILL.mp4,DOWNHILL
train,5306765776595519-JUICE 2.mp4,JUICE1
train,1360126550200642-SCOLD.mp4,SCOLD
train,4311687680889107-POWDER.mp4,POWDER
train,764508829694901-SOCIAL.mp4,SOCIAL
train,29689933214099606-PULL CONVINCE.mp4,PULLCONVINCE
train,7088712960725594-CAPTURE.mp4,CAPTURE
train,07484418319951414-PONDER.mp4,PONDER
train,3190313043863826-JOKE.mp4,JOKE
train,8998130160790063-SOCIETY.mp4,SOCIETY
train,15576216306706847-WATERDROP.mp4,WATERDROP
train,7074818392692488-ANYONE.mp4,ANYONE
train,4990481595433105-CEMETERY.mp4,CEMETERY
train,20492820460326078-FAIL.mp4,FAIL
train,029845705784401044-ALL OF_SUDDEN.mp4,ALLOFSUDDEN
train,6430493128026695-TOTAL.mp4,TOTAL
train,5266348613409388-COOL 3.mp4,COOL3
train,19266965635574085-FASHION.mp4,FASHION
train,6972450803945769-LONG AGO.mp4,LONGAGO
train,6924925097714949-BECOME.mp4,BECOME
train,23704226155102037-IMPROVE.mp4,IMPROVE
train,7785134573856558-UNCERTAIN.mp4,UNCERTAIN
train,019761851741713743-GREET.mp4,GREET1
train,2703979554359863-PROPOSE.mp4,PROPOSE
train,04996330755364298-TOSS OUT.mp4,TOSSOUT
train,10454809621086669-SQUARE.mp4,SQUARE
train,44763171062342044-IMPOSSIBLE.mp4,IMPOSSIBLE
train,29954299670742435-SOCCER 2.mp4,SOCCER2
train,9271096151631435-STINK.mp4,STINK
train,5680308894725288-ROSE.mp4,ROSE
train,828825974243317-HUG.mp4,HUG
train,2455843282748491-TUBE.mp4,TUBE
train,27507315579276503-COUNT.mp4,COUNT
train,1657926220154422-NICE.mp4,NICE
train,8221480087868576-EASY TO_DO.mp4,EASYTODO
train,9519361299050355-INFLUENCE.mp4,INFLUENCE
train,24996119887771018-PEACOCK.mp4,PEACOCK
train,9711868822553189-CIRCUSWHEEL.mp4,CIRCUSWHEEL
train,8590037977346539-NOSE.mp4,NOSE
train,32503017222473796-GYM.mp4,GYM
train,8730722817674434-WEAVE.mp4,WEAVE
train,014939146862886998-SMOOTH.mp4,SMOOTH
train,5912209471073959-BACKPACK.mp4,BACKPACK1
train,8906582989498535-WE.mp4,WE
train,205069326110634-DOWNHILL.mp4,DOWNHILL
train,831824025627647-JUICE 2.mp4,JUICE1
train,4159416336959145-SCOLD.mp4,SCOLD
train,3219156425019485-POWDER.mp4,POWDER
train,2682283459389201-SOCIAL.mp4,SOCIAL
train,1782579558937638-PULL CONVINCE.mp4,PULLCONVINCE
train,7517967729324455-CAPTURE.mp4,CAPTURE
train,17306956712338462-PONDER.mp4,PONDER
train,29009491003779053-JOKE.mp4,JOKE
train,20165173886230203-SOCIETY.mp4,SOCIETY
train,009853704164634713-WATERDROP.mp4,WATERDROP
train,35130266967671253-ANYONE.mp4,ANYONE
train,015601031810220212-MAPLE.mp4,MAPLE
train,5266191142838652-CEMETERY.mp4,CEMETERY
train,9134053166258611-FAIL.mp4,FAIL
train,8558978070691112-KNIGHT.mp4,KNIGHT1
train,1885772422721146-ALL OF_SUDDEN.mp4,ALLOFSUDDEN
train,8176788305470719-TOTAL.mp4,TOTAL
train,6124143641557396-COOL 3.mp4,COOL3
train,5270038758856606-FASHION.mp4,FASHION
train,048028242075979666-LONG AGO.mp4,LONGAGO
train,9743014426842327-BECOME.mp4,BECOME
train,0747520036218976-IMPROVE.mp4,IMPROVE
train,3784056317780973-UNCERTAIN.mp4,UNCERTAIN
train,19801690292498497-GREET.mp4,GREET1
train,8759129523620577-PROPOSE.mp4,PROPOSE
train,13122108982658642-TOSS OUT.mp4,TOSSOUT
train,10650428965233605-SQUARE.mp4,SQUARE
train,3087690750398395-EMPTY 2.mp4,EMPTY2
train,6028092526149813-APPLE.mp4,APPLE
train,1489394464454452-MAPLE.mp4,MAPLE
train,026385371205682073-KNIGHT.mp4,KNIGHT1
train,11653289438033321-EMPTY 2.mp4,EMPTY2
train,5773609049022861-PULL CONVINCE.mp4,PULLCONVINCE
train,11495417287006338-PULL CONVINCE.mp4,PULLCONVINCE
train,6760187823605635-CAPTURE.mp4,CAPTURE
train,01065738172476749-PONDER.mp4,PONDER
train,8918143778633667-CAPTURE.mp4,CAPTURE
train,5188588961733154-PONDER.mp4,PONDER
train,6259625587299851-JOKE.mp4,JOKE
train,5447059632309406-JOKE.mp4,JOKE
train,40353511845248-SOCIETY.mp4,SOCIETY
train,11540169324551419-WATERDROP.mp4,WATERDROP
train,5730309462445042-SOCIETY.mp4,SOCIETY
train,6554735488389678-ANYONE.mp4,ANYONE
train,6608792970613251-MAPLE.mp4,MAPLE
train,2931732443639459-CEMETERY.mp4,CEMETERY
train,08615096651248932-WATERDROP.mp4,WATERDROP
train,15079140547294045-FAIL.mp4,FAIL
train,5166467740266834-ANYONE.mp4,ANYONE
train,608487698538861-KNIGHT.mp4,KNIGHT1
train,5695256322659339-ALL OF_SUDDEN.mp4,ALLOFSUDDEN
train,7266570100816736-TOTAL.mp4,TOTAL
train,5195012904128249-COOL 3.mp4,COOL3
train,9502405518837727-LONG AGO.mp4,LONGAGO
train,7327261352671983-BECOME.mp4,BECOME
train,6544105133616926-IMPROVE.mp4,IMPROVE
train,5117619310612302-MAPLE.mp4,MAPLE
train,6469250547484864-UNCERTAIN.mp4,UNCERTAIN
train,42092177013799237-CEMETERY.mp4,CEMETERY
train,42348352046432836-GREET.mp4,GREET1
train,4024106013806603-PROPOSE.mp4,PROPOSE
train,29206453382767683-TOSS OUT.mp4,TOSSOUT
train,31302823747601805-FAIL.mp4,FAIL
train,8798366948284013-SQUARE.mp4,SQUARE
train,6258201966383996-EMPTY 2.mp4,EMPTY2
train,2000574574717664-KNIGHT.mp4,KNIGHT1
train,48083612477703785-ALL OF_SUDDEN.mp4,ALLOFSUDDEN
train,8439161395019141-TOTAL.mp4,TOTAL
train,6642320908781243-COOL 3.mp4,COOL3
train,12611335206046448-FASHION.mp4,FASHION
train,30558124517083196-LONG AGO.mp4,LONGAGO
train,44032563676770886-BECOME.mp4,BECOME
train,7705705309163291-IMPROVE.mp4,IMPROVE
train,4992253715799433-UNCERTAIN.mp4,UNCERTAIN
train,9394229493874791-GREET.mp4,GREET1
train,22885958500295533-PROPOSE.mp4,PROPOSE
train,0010333569349243454-TOSS OUT.mp4,TOSSOUT
train,47546125188749744-SQUARE.mp4,SQUARE
train,6095627327791597-EMPTY 2.mp4,EMPTY2
train,9765414961236116-APPLE.mp4,APPLE
train,7540695291793842-IMPOSSIBLE.mp4,IMPOSSIBLE
train,0826073689601432-PARK.mp4,PARK
train,21846461225186364-STINK.mp4,STINK
train,250480772445395-APPLE.mp4,APPLE
train,1242799684009872-APPLE.mp4,APPLE
train,454590677048321-IMPOSSIBLE.mp4,IMPOSSIBLE
train,4580456300698119-PARK.mp4,PARK
train,6522978607836498-SOCCER 2.mp4,SOCCER2
train,8919773232596142-ROSE.mp4,ROSE
train,319407388986372-HUG.mp4,HUG
train,099322046645417-TUBE.mp4,TUBE
train,5194320449099665-COUNT.mp4,COUNT
train,0821957813610188-NICE.mp4,NICE
train,7892439256831716-EASY TO_DO.mp4,EASYTODO
train,7274261427284812-INFLUENCE.mp4,INFLUENCE
train,8173412714113604-PEACOCK.mp4,PEACOCK
train,15428195450893267-CIRCUSWHEEL.mp4,CIRCUSWHEEL
train,2691787200603868-NOSE.mp4,NOSE
train,27755219860412184-GYM.mp4,GYM
train,8270768063023723-WEAVE.mp4,WEAVE
train,553120523656236-SMOOTH.mp4,SMOOTH
train,7919984377887563-BACKPACK.mp4,BACKPACK1
train,8865858542977822-WE.mp4,WE
train,22391968999742917-DOWNHILL.mp4,DOWNHILL
train,3386279434783077-JUICE 2.mp4,JUICE1
train,5675753450455303-SCOLD.mp4,SCOLD
train,23230592732338962-POWDER.mp4,POWDER
train,6112112889097039-SOCIAL.mp4,SOCIAL
train,5022117525359895-PARK.mp4,PARK
train,17874559789090272-SOCCER 2.mp4,SOCCER2
train,7176110298017915-STINK.mp4,STINK
train,7438097118967604-ROSE.mp4,ROSE
train,42972771743192073-HUG.mp4,HUG
train,22415387288230337-TUBE.mp4,TUBE
train,24994095591432264-COUNT.mp4,COUNT
train,7982091793389081-NICE.mp4,NICE
train,2891820279805952-EASY TO_DO.mp4,EASYTODO
train,9554023847499289-INFLUENCE.mp4,INFLUENCE
train,563254890502427-PEACOCK.mp4,PEACOCK
train,9384247376023451-CIRCUSWHEEL.mp4,CIRCUSWHEEL
train,37138484525407467-NOSE.mp4,NOSE
train,17278623896687195-GYM.mp4,GYM
train,6975710349841611-WEAVE.mp4,WEAVE
train,1145547848800117-SMOOTH.mp4,SMOOTH
train,7649614743886621-BACKPACK.mp4,BACKPACK1
train,4544218531641271-WE.mp4,WE
train,8438303818513786-DOWNHILL.mp4,DOWNHILL
train,8173736687292095-JUICE 2.mp4,JUICE1
train,2644873939592822-SCOLD.mp4,SCOLD
train,8470939810702609-POWDER.mp4,POWDER
train,12779265852014388-SOCIAL.mp4,SOCIAL
train,2197241918348367-STINK.mp4,STINK
train,3504800452914112-ROSE.mp4,ROSE
train,21428345787944125-HUG.mp4,HUG
train,4586244365341319-TUBE.mp4,TUBE
train,7276369843507888-COUNT.mp4,COUNT
train,9358863675192239-NICE.mp4,NICE
train,464047423429526-EASY TO_DO.mp4,EASYTODO
train,3622347387556897-INFLUENCE.mp4,INFLUENCE
train,9858126567245087-PEACOCK.mp4,PEACOCK
train,25949671140301556-CIRCUSWHEEL.mp4,CIRCUSWHEEL
train,9573594298423673-NOSE.mp4,NOSE
train,5680362085743158-GYM.mp4,GYM
train,48171469374261866-WEAVE.mp4,WEAVE
train,9635258534501763-SMOOTH.mp4,SMOOTH
train,24001863381813804-BACKPACK.mp4,BACKPACK1
train,6257769266405475-WE.mp4,WE
train,410377759240556-DOWNHILL.mp4,DOWNHILL
train,8338473207020309-JUICE 2.mp4,JUICE1
train,18486692501277568-SCOLD.mp4,SCOLD
train,4887162464717081-POWDER.mp4,POWDER
train,34365872963427324-SOCIAL.mp4,SOCIAL
train,02146870129366585-IMPOSSIBLE.mp4,IMPOSSIBLE
train,6284802513957948-IMPOSSIBLE.mp4,IMPOSSIBLE
train,5596778852302136-FASHION.mp4,FASHION
train,7140448674987556-SOCCER 2.mp4,SOCCER2
train,8470559627358119-APPLE.mp4,APPLE
train,234043617600737-PULL CONVINCE.mp4,PULLCONVINCE
train,010556891349597253-CAPTURE.mp4,CAPTURE
train,16933124770357533-PONDER.mp4,PONDER
train,4323367646453937-JOKE.mp4,JOKE
train,9387903242761364-SOCIETY.mp4,SOCIETY
train,5902374455145507-WATERDROP.mp4,WATERDROP
train,07338049594993068-ANYONE.mp4,ANYONE
train,8626819778158101-MAPLE.mp4,MAPLE
train,8962381279142355-CEMETERY.mp4,CEMETERY
train,5714422571581101-FAIL.mp4,FAIL
train,7579357199412793-KNIGHT.mp4,KNIGHT1
train,6587356831812052-ALL OF_SUDDEN.mp4,ALLOFSUDDEN
train,3346331100679749-TOTAL.mp4,TOTAL
train,4430981630997777-COOL 3.mp4,COOL3
train,3253976503641207-LONG AGO.mp4,LONGAGO
train,8952526788990092-BECOME.mp4,BECOME
train,33322102256076636-IMPROVE.mp4,IMPROVE
train,8941166548583313-UNCERTAIN.mp4,UNCERTAIN
train,20786458572626887-GREET.mp4,GREET1
train,1857414688893253-PROPOSE.mp4,PROPOSE
train,1598329213763634-TOSS OUT.mp4,TOSSOUT
train,7264032239336384-SQUARE.mp4,SQUARE
train,5654369732930926-EMPTY 2.mp4,EMPTY2
train,20483400820625897-SOCCER 2.mp4,SOCCER2
train,8954620044221271-SOCCER 2.mp4,SOCCER2
train,5087691730573594-PARK.mp4,PARK
train,76483708586302-STINK.mp4,STINK
train,7393780008183501-ROSE.mp4,ROSE
train,515542148685266-HUG.mp4,HUG
train,4791244095971483-TUBE.mp4,TUBE
train,23553362958917257-COUNT.mp4,COUNT
train,9929708042498271-NICE.mp4,NICE
train,6363568250369771-EASY TO_DO.mp4,EASYTODO
train,10782069333855548-INFLUENCE.mp4,INFLUENCE
train,0757720516484035-PEACOCK.mp4,PEACOCK
train,3110163949110627-CIRCUSWHEEL.mp4,CIRCUSWHEEL
train,12789189992227112-NOSE.mp4,NOSE
train,7022730221844284-GYM.mp4,GYM
train,24236593924056793-WEAVE.mp4,WEAVE
train,15145860097068975-SMOOTH.mp4,SMOOTH
train,44214595315415406-BACKPACK.mp4,BACKPACK1
train,5641210498834153-WE.mp4,WE
train,06907917145316045-DOWNHILL.mp4,DOWNHILL
train,47701435258241465-JUICE 2.mp4,JUICE1
train,5995805560214391-SCOLD.mp4,SCOLD
train,34297837004718534-POWDER.mp4,POWDER
train,640081527761033-SOCIAL.mp4,SOCIAL
train,5430080522815568-FASHION.mp4,FASHION
train,5182719290588473-APPLE.mp4,APPLE
train,9286660759740399-IMPOSSIBLE.mp4,IMPOSSIBLE
train,3435287102592295-PULL CONVINCE.mp4,PULLCONVINCE
train,08116096371059345-CAPTURE.mp4,CAPTURE
train,9000962128538368-PONDER.mp4,PONDER
train,5032028625860101-JOKE.mp4,JOKE
train,25191869926313903-SOCIETY.mp4,SOCIETY
train,9634222204584821-WATERDROP.mp4,WATERDROP
train,20558505237590596-ANYONE.mp4,ANYONE
train,4076376743493466-MAPLE.mp4,MAPLE
train,28455498635473075-CEMETERY.mp4,CEMETERY
train,3444652245525106-FAIL.mp4,FAIL
train,14138842202005564-KNIGHT.mp4,KNIGHT1
train,3435280046043021-ALL OF_SUDDEN.mp4,ALLOFSUDDEN
train,9937709793875094-TOTAL.mp4,TOTAL
train,34883630004325394-COOL 3.mp4,COOL3
train,10864907962585901-LONG AGO.mp4,LONGAGO
train,33816613719010147-BECOME.mp4,BECOME
train,3237207359549712-IMPROVE.mp4,IMPROVE
train,7514639880859315-UNCERTAIN.mp4,UNCERTAIN
train,8591873994843868-GREET.mp4,GREET1
train,6367332744850438-PROPOSE.mp4,PROPOSE
train,7961577864677853-TOSS OUT.mp4,TOSSOUT
train,2898780474806675-SQUARE.mp4,SQUARE
train,9554990871429927-EMPTY 2.mp4,EMPTY2
train,2601980719522188-SOCCER 2.mp4,SOCCER2
train,7849117535047831-BACKPACK.mp4,BACKPACK1
train,32121786214077064-FASHION.mp4,FASHION
train,3855173859467238-PULL CONVINCE.mp4,PULLCONVINCE
train,4013774370902221-CAPTURE.mp4,CAPTURE
train,7231659596663575-PONDER.mp4,PONDER
train,9015409202851661-JOKE.mp4,JOKE
train,49422750546392735-SOCIETY.mp4,SOCIETY
train,6204985378477612-WATERDROP.mp4,WATERDROP
train,2381729192110531-ANYONE.mp4,ANYONE
train,3570775042797236-MAPLE.mp4,MAPLE
train,5633926722664371-CEMETERY.mp4,CEMETERY
train,8111888195552632-FAIL.mp4,FAIL
train,22000404859924472-ALL OF_SUDDEN.mp4,ALLOFSUDDEN
train,5835927753387335-TOTAL.mp4,TOTAL
train,49351276454814563-COOL 3.mp4,COOL3
train,7592469306073191-BECOME.mp4,BECOME
train,8717940097999166-IMPROVE.mp4,IMPROVE
train,6328361149562463-UNCERTAIN.mp4,UNCERTAIN
train,7557418539195195-GREET.mp4,GREET1
train,6474281976732146-PROPOSE.mp4,PROPOSE
train,3292124089169073-TOSS OUT.mp4,TOSSOUT
train,7047518159578801-SQUARE.mp4,SQUARE
train,7817113203362271-EMPTY 2.mp4,EMPTY2
train,7798157575833962-APPLE.mp4,APPLE
train,25118412779229127-IMPOSSIBLE.mp4,IMPOSSIBLE
train,9262418346126771-PARK.mp4,PARK
train,8365766834022152-STINK.mp4,STINK
train,819813929164436-ROSE.mp4,ROSE
train,9131849806303045-HUG.mp4,HUG
train,7457845828893759-TUBE.mp4,TUBE
train,21630359443974-COUNT.mp4,COUNT
train,16750959153005218-NICE.mp4,NICE
train,008211570928101208-EASY TO_DO.mp4,EASYTODO
train,5353987417746013-INFLUENCE.mp4,INFLUENCE
train,40427187606136483-PEACOCK.mp4,PEACOCK
train,6186986120700406-CIRCUSWHEEL.mp4,CIRCUSWHEEL
train,05530025137611427-NOSE.mp4,NOSE
train,6029326008328697-GYM.mp4,GYM
train,27759301011387727-WEAVE.mp4,WEAVE
train,2624714159753343-SMOOTH.mp4,SMOOTH
train,30121385480613116-BACKPACK.mp4,BACKPACK1
train,3468501303620588-WE.mp4,WE
train,9622168525461383-DOWNHILL.mp4,DOWNHILL
train,8815951423657669-JUICE 2.mp4,JUICE1
train,16596632712560133-SCOLD.mp4,SCOLD
train,038593312083922804-POWDER.mp4,POWDER
train,658256337803589-SOCIAL.mp4,SOCIAL
train,7003151745672296-KNIGHT.mp4,KNIGHT1
train,3729373760758441-FASHION.mp4,FASHION
train,04625975589048403-SOCCER 2.mp4,SOCCER2
train,7130338854330107-PULL CONVINCE.mp4,PULLCONVINCE
train,2820819348517285-CAPTURE.mp4,CAPTURE
train,0013799270574093025-PONDER.mp4,PONDER
train,6143464817909114-JOKE.mp4,JOKE
train,8850753089929242-SOCIETY.mp4,SOCIETY
train,06596525552681887-WATERDROP.mp4,WATERDROP
train,16545894863628696-ANYONE.mp4,ANYONE
train,11230745817353416-MAPLE.mp4,MAPLE
train,6633812621771165-CEMETERY.mp4,CEMETERY
train,07647560910038198-FAIL.mp4,FAIL
train,3600619011149542-ALL OF_SUDDEN.mp4,ALLOFSUDDEN
train,2677784056456287-TOTAL.mp4,TOTAL
train,029461616872167307-COOL 3.mp4,COOL3
train,6368287846140164-LONG AGO.mp4,LONGAGO
train,49490238825192145-BECOME.mp4,BECOME
train,11296640390133428-IMPROVE.mp4,IMPROVE
train,8560349682602961-UNCERTAIN.mp4,UNCERTAIN
train,9155284685292879-GREET.mp4,GREET1
train,058877024741327055-PROPOSE.mp4,PROPOSE
train,5548079455667465-TOSS OUT.mp4,TOSSOUT
train,3832460739238146-SQUARE.mp4,SQUARE
train,7549129897923001-EMPTY 2.mp4,EMPTY2
train,39628385869626626-APPLE.mp4,APPLE
train,6151843197692557-IMPOSSIBLE.mp4,IMPOSSIBLE
train,7828163946911584-PARK.mp4,PARK
train,540333383076163-STINK.mp4,STINK
train,7562688294654722-ROSE.mp4,ROSE
train,4404463715615452-HUG.mp4,HUG
train,9328471102252012-TUBE.mp4,TUBE
train,2920358323922805-COUNT.mp4,COUNT
train,8462169466967213-NICE.mp4,NICE
train,8246937077619476-EASY TO_DO.mp4,EASYTODO
train,2720360632577046-INFLUENCE.mp4,INFLUENCE
train,446633733740609-PEACOCK.mp4,PEACOCK
train,1630753659302444-CIRCUSWHEEL.mp4,CIRCUSWHEEL
train,6746586649060085-NOSE.mp4,NOSE
train,23870231609377823-GYM.mp4,GYM
train,6790410009015486-WEAVE.mp4,WEAVE
train,36241028217456517-SMOOTH.mp4,SMOOTH
train,7966143468182603-BACKPACK.mp4,BACKPACK1
train,9375717470846778-WE.mp4,WE
train,4627863317616867-DOWNHILL.mp4,DOWNHILL
train,14345864717253365-JUICE 2.mp4,JUICE1
train,7172933636020558-SCOLD.mp4,SCOLD
train,9027829138381043-POWDER.mp4,POWDER
train,276312924250407-SOCIAL.mp4,SOCIAL
train,02641506227940682-KNIGHT.mp4,KNIGHT1
train,2866461340932198-FASHION.mp4,FASHION
train,7647911156727034-SOCCER 2.mp4,SOCCER2
train,21202230926970023-PULL CONVINCE.mp4,PULLCONVINCE
train,48844476801374737-CAPTURE.mp4,CAPTURE
train,16345911040059158-PONDER.mp4,PONDER
train,8257518000209516-JOKE.mp4,JOKE
train,02476222399847461-SOCIETY.mp4,SOCIETY
train,4796738998844543-WATERDROP.mp4,WATERDROP
train,5273181545235401-ANYONE.mp4,ANYONE
train,1996654360037342-MAPLE.mp4,MAPLE
train,13449233117433335-CEMETERY.mp4,CEMETERY
train,8026551351129656-FAIL.mp4,FAIL
train,23346683541380386-ALL OF_SUDDEN.mp4,ALLOFSUDDEN
train,529722257730946-TOTAL.mp4,TOTAL
train,9903726448902932-COOL 3.mp4,COOL3
train,6636659492182242-LONG AGO.mp4,LONGAGO
train,5186725152134284-BECOME.mp4,BECOME
train,22711182325500712-IMPROVE.mp4,IMPROVE
train,5044566387995728-UNCERTAIN.mp4,UNCERTAIN
train,29715403738713597-GREET.mp4,GREET1
train,4202931563444978-PROPOSE.mp4,PROPOSE
train,9526800150557475-TOSS OUT.mp4,TOSSOUT
train,47201485833461065-SQUARE.mp4,SQUARE
train,4639553624393449-EMPTY 2.mp4,EMPTY2
train,3876948819633417-APPLE.mp4,APPLE
train,31811995322669717-IMPOSSIBLE.mp4,IMPOSSIBLE
train,2798196533224553-PARK.mp4,PARK
train,6832248050495355-STINK.mp4,STINK
train,6663911725563181-ROSE.mp4,ROSE
train,9012865595691268-HUG.mp4,HUG
train,06576370234502193-TUBE.mp4,TUBE
train,19313247104625764-COUNT.mp4,COUNT
train,7042507210235693-NICE.mp4,NICE
train,8658134103390445-EASY TO_DO.mp4,EASYTODO
train,2161423516162908-INFLUENCE.mp4,INFLUENCE
train,464630406157029-PEACOCK.mp4,PEACOCK
train,05363661979699064-CIRCUSWHEEL.mp4,CIRCUSWHEEL
train,11213721786275399-NOSE.mp4,NOSE
train,10336261365349686-GYM.mp4,GYM
train,6478463413581668-WEAVE.mp4,WEAVE
train,5594137248762963-SMOOTH.mp4,SMOOTH
train,6379790381305486-BACKPACK.mp4,BACKPACK1
train,2541378389097124-WE.mp4,WE
train,2689160582151253-DOWNHILL.mp4,DOWNHILL
train,42282162571947923-JUICE 2.mp4,JUICE1
train,8112256368978328-SCOLD.mp4,SCOLD
train,39145884702209965-POWDER.mp4,POWDER
train,8156788850080994-PULL CONVINCE.mp4,PULLCONVINCE
train,46752240035541837-CAPTURE.mp4,CAPTURE
train,2353366102655563-PONDER.mp4,PONDER
train,33901501033112824-JOKE.mp4,JOKE
train,811215664856763-SOCIETY.mp4,SOCIETY
train,6307284620355997-WATERDROP.mp4,WATERDROP
train,4794513479367499-ANYONE.mp4,ANYONE
train,09876827733921911-MAPLE.mp4,MAPLE
train,9306453339430247-CEMETERY.mp4,CEMETERY
train,8846528117185832-FAIL.mp4,FAIL
train,5825564977987459-KNIGHT.mp4,KNIGHT1
train,3255443246485876-ALL OF_SUDDEN.mp4,ALLOFSUDDEN
train,9768746362774403-FASHION.mp4,FASHION
train,8239094276726386-seedAPPLE.mp4,APPLE
train,4169349155003008-seedIMPOSSIBLE.mp4,IMPOSSIBLE
train,5410114147026581-seedPARK.mp4,PARK
train,27489036105249887-seedSOCCER 2.mp4,SOCCER2
train,937598714643566-seedSTINK.mp4,STINK
train,5487103349366826-seedROSE.mp4,ROSE
train,44710124243988014-seedHUG.mp4,HUG
train,09316422357506071-seedTUBE.mp4,TUBE
train,1795480263876621-seedCOUNT.mp4,COUNT
train,49809048156268143-seedNICE.mp4,NICE
train,7750901655663225-seedEASY TO_DO.mp4,EASYTODO
train,6449695086191978-seedINFLUENCE.mp4,INFLUENCE
train,13111611803522982-seedPEACOCK.mp4,PEACOCK
train,4145287978890986-seedCIRCUSWHEEL.mp4,CIRCUSWHEEL
train,3712619010031373-seedNOSE.mp4,NOSE
train,031120014917497496-seedGYM.mp4,GYM
train,8182918837223965-seedWEAVE.mp4,WEAVE
train,15539343479171364-seedSMOOTH.mp4,SMOOTH
train,4736674511391048-seedBACKPACK.mp4,BACKPACK1
train,2803881528625629-seedWE.mp4,WE
train,7112873497739978-seedDOWNHILL.mp4,DOWNHILL
train,06676789093195468-seedJUICE 2.mp4,JUICE1
train,5149540584377241-seedSCOLD.mp4,SCOLD
train,5964988385622929-seedPOWDER.mp4,POWDER
train,4847853000185449-seedSOCIAL.mp4,SOCIAL
train,8756945799046405-seedPULL CONVINCE.mp4,PULLCONVINCE
train,9608443059891307-seedCAPTURE.mp4,CAPTURE
train,3170473685980253-seedPONDER.mp4,PONDER
train,45782688129766913-seedJOKE.mp4,JOKE
train,5070822559060506-seedSOCIETY.mp4,SOCIETY
train,7421243803581963-seedWATERDROP.mp4,WATERDROP
train,4568642680977877-seedANYONE.mp4,ANYONE
train,771845368193415-seedMAPLE.mp4,MAPLE
train,7509853932904427-seedCEMETERY.mp4,CEMETERY
train,6109154861079251-seedFAIL.mp4,FAIL
train,10407185919655237-seedKNIGHT.mp4,KNIGHT1
train,4209485805793354-seedALL OF_SUDDEN.mp4,ALLOFSUDDEN
train,670659843158901-seedTOTAL.mp4,TOTAL
train,9551173231339449-seedCOOL 3.mp4,COOL3
train,008665172541235444-seedFASHION.mp4,FASHION
train,28101546458460636-seedLONG AGO.mp4,LONGAGO
train,4624045800609997-seedBECOME.mp4,BECOME
train,04615258339586048-seedIMPROVE.mp4,IMPROVE
train,43253112269553307-seedUNCERTAIN.mp4,UNCERTAIN
train,02763199295670793-seedGREET.mp4,GREET1
train,2529646841212452-seedPROPOSE.mp4,PROPOSE
train,19769221920269842-seedTOSS OUT.mp4,TOSSOUT
train,6360968691811659-seedSQUARE.mp4,SQUARE
train,5811192328541284-seedEMPTY 2.mp4,EMPTY2
val,8894617756348819-APPLE.mp4,APPLE
val,9990244640190733-BACKPACK.mp4,BACKPACK1
val,9761845244833474-APPLE.mp4,APPLE
val,6671187735704913-APPLE.mp4,APPLE
val,9418564246987629-IMPOSSIBLE.mp4,IMPOSSIBLE
val,7629092396207264-MAPLE.mp4,MAPLE
val,3111036230854072-KNIGHT.mp4,KNIGHT1
val,45428891715253683-EMPTY 2.mp4,EMPTY2
val,4939295276537865-IMPOSSIBLE.mp4,IMPOSSIBLE
val,3796947997428477-MAPLE.mp4,MAPLE
val,7927387280867586-KNIGHT.mp4,KNIGHT1
val,4572108566423274-EMPTY 2.mp4,EMPTY2
val,14869833804846655-PARK.mp4,PARK
val,5004269948712425-SOCCER 2.mp4,SOCCER2
val,989584316366962-STINK.mp4,STINK
val,6204320558637462-ROSE.mp4,ROSE
val,03136572284130934-HUG.mp4,HUG
val,9955760586808353-TUBE.mp4,TUBE
val,5135845609661804-COUNT.mp4,COUNT
val,7837116050277355-NICE.mp4,NICE
val,14018796029116376-EASY TO_DO.mp4,EASYTODO
val,7741529044083331-INFLUENCE.mp4,INFLUENCE
val,8295577821992943-PEACOCK.mp4,PEACOCK
val,9459630267328756-CIRCUSWHEEL.mp4,CIRCUSWHEEL
val,6926188522163574-NOSE.mp4,NOSE
val,1810935951568149-GYM.mp4,GYM
val,5492309372229001-WEAVE.mp4,WEAVE
val,3565459374958766-SMOOTH.mp4,SMOOTH
val,20198961584817-BACKPACK.mp4,BACKPACK1
val,14563849425095032-WE.mp4,WE
val,8046860737234462-DOWNHILL.mp4,DOWNHILL
val,00048437403594836503-JUICE 2.mp4,JUICE1
val,5899088790046034-SCOLD.mp4,SCOLD
val,9749006988005853-POWDER.mp4,POWDER
val,7009028466115528-SOCIAL.mp4,SOCIAL
val,7445163687198764-PULL CONVINCE.mp4,PULLCONVINCE
val,4619102582986805-CAPTURE.mp4,CAPTURE
val,40736213240107166-PONDER.mp4,PONDER
val,9071214192313297-JOKE.mp4,JOKE
val,5640844255086905-SOCIETY.mp4,SOCIETY
val,34706237280419105-WATERDROP.mp4,WATERDROP
val,19720668760111892-ANYONE.mp4,ANYONE
val,7713194149900888-CEMETERY.mp4,CEMETERY
val,6919484550443733-FAIL.mp4,FAIL
val,6489487311042188-ALL OF_SUDDEN.mp4,ALLOFSUDDEN
val,7415668317057951-TOTAL.mp4,TOTAL
val,1045796137537196-COOL 3.mp4,COOL3
val,46236895863998395-FASHION.mp4,FASHION
val,5283025914098922-LONG AGO.mp4,LONGAGO
val,5801873008829825-BECOME.mp4,BECOME
val,7664400740199233-IMPROVE.mp4,IMPROVE
val,45502724845989184-UNCERTAIN.mp4,UNCERTAIN
val,16771729824504833-GREET.mp4,GREET1
val,06836295008505333-PROPOSE.mp4,PROPOSE
val,8011765141692118-TOSS OUT.mp4,TOSSOUT
val,1617944643152096-SQUARE.mp4,SQUARE
val,2395184610044263-PARK.mp4,PARK
val,44788803801657195-SOCCER 2.mp4,SOCCER2
val,6766001835427065-STINK.mp4,STINK
val,333313849917654-ROSE.mp4,ROSE
val,04226008690722538-HUG.mp4,HUG
val,8821230623054042-TUBE.mp4,TUBE
val,5758881084528951-COUNT.mp4,COUNT
val,9367720401200101-NICE.mp4,NICE
val,4283861560854423-EASY TO_DO.mp4,EASYTODO
val,2682764343448887-INFLUENCE.mp4,INFLUENCE
val,6141232371035159-PEACOCK.mp4,PEACOCK
val,4714359385549749-CIRCUSWHEEL.mp4,CIRCUSWHEEL
val,9814478093116983-NOSE.mp4,NOSE
val,18496187071412007-GYM.mp4,GYM
val,28131642297999915-WEAVE.mp4,WEAVE
val,6079307021363078-SMOOTH.mp4,SMOOTH
val,4985293038019454-BACKPACK.mp4,BACKPACK1
val,11801482805093366-WE.mp4,WE
val,18322050776906895-DOWNHILL.mp4,DOWNHILL
val,41464225168906266-JUICE 2.mp4,JUICE1
val,34260628229834666-SCOLD.mp4,SCOLD
val,31086880944804074-POWDER.mp4,POWDER
val,6385013990261217-SOCIAL.mp4,SOCIAL
val,17005650435713515-PULL CONVINCE.mp4,PULLCONVINCE
val,7868401196600863-CAPTURE.mp4,CAPTURE
val,4481998873282871-PONDER.mp4,PONDER
val,7706511460115826-JOKE.mp4,JOKE
val,7157550855204442-SOCIETY.mp4,SOCIETY
val,5331215216187217-WATERDROP.mp4,WATERDROP
val,7844699478897115-ANYONE.mp4,ANYONE
val,8152932257681471-CEMETERY.mp4,CEMETERY
val,2661502584826272-FAIL.mp4,FAIL
val,2147323352858992-ALL OF_SUDDEN.mp4,ALLOFSUDDEN
val,4033784177459674-TOTAL.mp4,TOTAL
val,8792009739972111-COOL 3.mp4,COOL3
val,9278651456757845-FASHION.mp4,FASHION
val,08248926411039781-LONG AGO.mp4,LONGAGO
val,5628743417976216-BECOME.mp4,BECOME
val,052708964480069564-IMPROVE.mp4,IMPROVE
val,19742003882231196-UNCERTAIN.mp4,UNCERTAIN
val,3782663402673343-GREET.mp4,GREET1
val,40102708201101755-PROPOSE.mp4,PROPOSE
val,836961079551557-TOSS OUT.mp4,TOSSOUT
val,6130753278246832-SQUARE.mp4,SQUARE
val,5147041918881023-PULL CONVINCE.mp4,PULLCONVINCE
val,7019796297629999-CAPTURE.mp4,CAPTURE
val,17011131896499232-PONDER.mp4,PONDER
val,13644697492397184-JOKE.mp4,JOKE
val,47947978638344724-SOCIETY.mp4,SOCIETY
val,41438978657325554-WATERDROP.mp4,WATERDROP
val,25500869855740893-ANYONE.mp4,ANYONE
val,2560023931191153-MAPLE.mp4,MAPLE
val,05313536275990982-CEMETERY.mp4,CEMETERY
val,38795171322133193-FAIL.mp4,FAIL
val,43742087186225564-KNIGHT.mp4,KNIGHT1
val,5426366957483852-ALL OF_SUDDEN.mp4,ALLOFSUDDEN
val,25227115804796885-TOTAL.mp4,TOTAL
val,2762423466404713-COOL 3.mp4,COOL3
val,12121393143269765-FASHION.mp4,FASHION
val,5477255935110736-LONG AGO.mp4,LONGAGO
val,9206093416692862-BECOME.mp4,BECOME
val,556250830874504-IMPROVE.mp4,IMPROVE
val,6262633192514628-UNCERTAIN.mp4,UNCERTAIN
val,22752161975298013-GREET.mp4,GREET1
val,05547279349083101-PROPOSE.mp4,PROPOSE
val,8648817171055929-TOSS OUT.mp4,TOSSOUT
val,9699117352604745-SQUARE.mp4,SQUARE
val,9129562550699237-EMPTY 2.mp4,EMPTY2
val,06571173343741843-APPLE.mp4,APPLE
val,9083142147831678-IMPOSSIBLE.mp4,IMPOSSIBLE
val,7248725403921834-PARK.mp4,PARK
val,028180518426556-STINK.mp4,STINK
val,9180297731713383-ROSE.mp4,ROSE
val,5018207621184709-HUG.mp4,HUG
val,6957982755302705-TUBE.mp4,TUBE
val,8926960129613912-COUNT.mp4,COUNT
val,01000957264570923-NICE.mp4,NICE
val,023343843339733272-EASY TO_DO.mp4,EASYTODO
val,5165500283429341-INFLUENCE.mp4,INFLUENCE
val,2787934459894119-PEACOCK.mp4,PEACOCK
val,7884417454372163-CIRCUSWHEEL.mp4,CIRCUSWHEEL
val,6032656220146979-NOSE.mp4,NOSE
val,7224619041606866-GYM.mp4,GYM
val,4272405059869542-WEAVE.mp4,WEAVE
val,294978144204612-SMOOTH.mp4,SMOOTH
val,6868122993341472-WE.mp4,WE
val,5588673303856626-DOWNHILL.mp4,DOWNHILL
val,10705964518700384-JUICE 2.mp4,JUICE1
val,5143161383668087-SCOLD.mp4,SCOLD
val,652366051530316-POWDER.mp4,POWDER
val,9557764850487398-SOCIAL.mp4,SOCIAL
val,35242889021234824-SOCCER 2.mp4,SOCCER2
test,10506892472594931-APPLE.mp4,APPLE
test,8058910916928983-PEACOCK.mp4,PEACOCK
test,603696185892914-PULL CONVINCE.mp4,PULLCONVINCE
test,9800727120918791-MAPLE.mp4,MAPLE
test,8124057321267468-FASHION.mp4,FASHION
test,07729666531437518-EMPTY 2.mp4,EMPTY2
test,4564762256590038-STINK.mp4,STINK
test,2650837571323159-ROSE.mp4,ROSE
test,22532571077368502-HUG.mp4,HUG
test,8249454981330133-TUBE.mp4,TUBE
test,8124993519285646-COUNT.mp4,COUNT
test,9764184398445344-NICE.mp4,NICE
test,7839400718121097-EASY TO_DO.mp4,EASYTODO
test,023903316559118037-INFLUENCE.mp4,INFLUENCE
test,4851296235136615-CIRCUSWHEEL.mp4,CIRCUSWHEEL
test,8977573353357979-NOSE.mp4,NOSE
test,8477535207452367-GYM.mp4,GYM
test,42057210791739785-WEAVE.mp4,WEAVE
test,8635474022853715-SMOOTH.mp4,SMOOTH
test,34491853927581917-BACKPACK.mp4,BACKPACK1
test,16945345648483068-WE.mp4,WE
test,14327919139878698-DOWNHILL.mp4,DOWNHILL
test,14391697880714793-JUICE 2.mp4,JUICE1
test,9003627498955367-SCOLD.mp4,SCOLD
test,856326869228681-POWDER.mp4,POWDER
test,5356009513479041-SOCIAL.mp4,SOCIAL
test,7114290792277806-CAPTURE.mp4,CAPTURE
test,8666500034693927-PONDER.mp4,PONDER
test,15571541224560148-JOKE.mp4,JOKE
test,9153967820181674-SOCIETY.mp4,SOCIETY
test,12242093602258941-WATERDROP.mp4,WATERDROP
test,7444999310587148-ANYONE.mp4,ANYONE
test,21466889027769764-CEMETERY.mp4,CEMETERY
test,06135210265179425-FAIL.mp4,FAIL
test,6839450933707614-KNIGHT.mp4,KNIGHT1
test,09160085686424368-ALL OF_SUDDEN.mp4,ALLOFSUDDEN
test,720265347785866-TOTAL.mp4,TOTAL
test,013788588368692789-COOL 3.mp4,COOL3
test,5668911744750962-LONG AGO.mp4,LONGAGO
test,22125015427661077-BECOME.mp4,BECOME
test,9791864156009005-IMPROVE.mp4,IMPROVE
test,644559256117397-UNCERTAIN.mp4,UNCERTAIN
test,8372924241165787-GREET.mp4,GREET1
test,916986515886959-PROPOSE.mp4,PROPOSE
test,49045948041410936-TOSS OUT.mp4,TOSSOUT
test,07963564531915446-SQUARE.mp4,SQUARE
test,2661859902709265-APPLE.mp4,APPLE
test,5683105950678111-IMPOSSIBLE.mp4,IMPOSSIBLE
test,8708130295715686-PARK.mp4,PARK
test,6415601731003178-SOCCER 2.mp4,SOCCER2
test,8258055659654735-APPLE.mp4,APPLE
test,5627020105721396-IMPOSSIBLE.mp4,IMPOSSIBLE
test,6315521010238523-IMPOSSIBLE.mp4,IMPOSSIBLE
test,405863450774399-STINK.mp4,STINK
test,5026167932969754-ROSE.mp4,ROSE
test,6058179703966777-HUG.mp4,HUG
test,33655288523366766-TUBE.mp4,TUBE
test,9486956809651024-COUNT.mp4,COUNT
test,2688805696203531-NICE.mp4,NICE
test,4636146896796032-EASY TO_DO.mp4,EASYTODO
test,7606379775575507-INFLUENCE.mp4,INFLUENCE
test,40501605370552207-PEACOCK.mp4,PEACOCK
test,23200266231570033-CIRCUSWHEEL.mp4,CIRCUSWHEEL
test,09217547618470956-NOSE.mp4,NOSE
test,7788065863604139-GYM.mp4,GYM
test,40637671769943995-WEAVE.mp4,WEAVE
test,9308976715110939-SMOOTH.mp4,SMOOTH
test,9506496385757299-BACKPACK.mp4,BACKPACK1
test,6356514187581743-WE.mp4,WE
test,038824905554629474-DOWNHILL.mp4,DOWNHILL
test,3034348489686687-JUICE 2.mp4,JUICE1
test,46654720206004696-SCOLD.mp4,SCOLD
test,7267451030724312-POWDER.mp4,POWDER
test,5295500733974128-SOCIAL.mp4,SOCIAL
test,09260976643572971-PULL CONVINCE.mp4,PULLCONVINCE
test,7372378107130253-CAPTURE.mp4,CAPTURE
test,07652904644501302-PONDER.mp4,PONDER
test,09710120224353314-JOKE.mp4,JOKE
test,2901876329761064-SOCIETY.mp4,SOCIETY
test,43423583775550867-WATERDROP.mp4,WATERDROP
test,20647859814734493-ANYONE.mp4,ANYONE
test,0074991170568861065-MAPLE.mp4,MAPLE
test,6261101013267782-CEMETERY.mp4,CEMETERY
test,9480029056224784-FAIL.mp4,FAIL
test,6508516478167936-KNIGHT.mp4,KNIGHT1
test,5102955598279411-ALL OF_SUDDEN.mp4,ALLOFSUDDEN
test,9998745118720929-TOTAL.mp4,TOTAL
test,14411148858560363-COOL 3.mp4,COOL3
test,10602411592724637-FASHION.mp4,FASHION
test,2914945774726678-LONG AGO.mp4,LONGAGO
test,7799560195972228-BECOME.mp4,BECOME
test,2163652439714614-IMPROVE.mp4,IMPROVE
test,3001713157657535-UNCERTAIN.mp4,UNCERTAIN
test,6858420493955919-GREET.mp4,GREET1
test,5313715873755753-PROPOSE.mp4,PROPOSE
test,18455014928440794-TOSS OUT.mp4,TOSSOUT
test,28039416316541166-SQUARE.mp4,SQUARE
test,7055480144695647-EMPTY 2.mp4,EMPTY2
test,5169004418962935-STINK.mp4,STINK
test,7382608143934197-ROSE.mp4,ROSE
test,2851578665959067-HUG.mp4,HUG
test,02708697867281895-TUBE.mp4,TUBE
test,9170536902297075-COUNT.mp4,COUNT
test,21468254804850995-NICE.mp4,NICE
test,5771532656558536-EASY TO_DO.mp4,EASYTODO
test,7134696863772791-INFLUENCE.mp4,INFLUENCE
test,7986560662680882-PEACOCK.mp4,PEACOCK
test,3721305620268778-CIRCUSWHEEL.mp4,CIRCUSWHEEL
test,388468441362549-NOSE.mp4,NOSE
test,790406333154192-GYM.mp4,GYM
test,4250734465573147-WEAVE.mp4,WEAVE
test,9134083405086659-SMOOTH.mp4,SMOOTH
test,7648687779624457-BACKPACK.mp4,BACKPACK1
test,6062829066450051-WE.mp4,WE
test,5274511663531432-DOWNHILL.mp4,DOWNHILL
test,21250287953723168-JUICE 2.mp4,JUICE1
test,466519397058357-SCOLD.mp4,SCOLD
test,6573639902923767-POWDER.mp4,POWDER
test,9071762988355629-SOCIAL.mp4,SOCIAL
test,6147850811124795-PULL CONVINCE.mp4,PULLCONVINCE
test,15516088668952888-CAPTURE.mp4,CAPTURE
test,11705316733419768-PONDER.mp4,PONDER
test,34272085377403605-JOKE.mp4,JOKE
test,9357269893673421-SOCIETY.mp4,SOCIETY
test,34019655472600174-WATERDROP.mp4,WATERDROP
test,7224199836145444-ANYONE.mp4,ANYONE
test,05745201238962094-MAPLE.mp4,MAPLE
test,8798883885842443-CEMETERY.mp4,CEMETERY
test,16186137030756842-FAIL.mp4,FAIL
test,7050118459113892-KNIGHT.mp4,KNIGHT1
test,9892215868579313-ALL OF_SUDDEN.mp4,ALLOFSUDDEN
test,4731819054218851-TOTAL.mp4,TOTAL
test,051658440265715644-COOL 3.mp4,COOL3
test,2462866124415115-FASHION.mp4,FASHION
test,8832394822428096-LONG AGO.mp4,LONGAGO
test,6949892800366266-BECOME.mp4,BECOME
test,6813349223216334-IMPROVE.mp4,IMPROVE
test,3540482037435597-UNCERTAIN.mp4,UNCERTAIN
test,6749827251180744-GREET.mp4,GREET1
test,23863852568888566-PROPOSE.mp4,PROPOSE
test,44529500286930235-TOSS OUT.mp4,TOSSOUT
test,6885469145021257-SQUARE.mp4,SQUARE
test,031167200145334917-EMPTY 2.mp4,EMPTY2
test,695050757207446-BACKPACK.mp4,BACKPACK1
test,5026846866644539-BACKPACK.mp4,BACKPACK1
test,09690835419583332-PARK.mp4,PARK
test,8262748898996921-SOCCER 2.mp4,SOCCER2
test,7649960751675748-PARK.mp4,PARK
test,6613571396847215-SOCCER 2.mp4,SOCCER2
test,7610485274159868-BACKPACK.mp4,BACKPACK1
test,02278260656013753-APPLE.mp4,APPLE
test,37036723618334255-IMPOSSIBLE.mp4,IMPOSSIBLE
test,41178462794716575-PARK.mp4,PARK
test,13304711014723236-SOCCER 2.mp4,SOCCER2
test,8693274751049664-STINK.mp4,STINK
test,8518833163455639-ROSE.mp4,ROSE
test,234623436509398-HUG.mp4,HUG
test,18861987638089306-TUBE.mp4,TUBE
test,7714949997106235-COUNT.mp4,COUNT
test,3403190474327509-NICE.mp4,NICE
test,3689742943663292-EASY TO_DO.mp4,EASYTODO
test,700277891019935-INFLUENCE.mp4,INFLUENCE
test,6473916126797103-PEACOCK.mp4,PEACOCK
test,517945828072724-CIRCUSWHEEL.mp4,CIRCUSWHEEL
test,8812266341155683-NOSE.mp4,NOSE
test,8252546377055452-GYM.mp4,GYM
test,6138220804970762-WEAVE.mp4,WEAVE
test,9114162047686718-SMOOTH.mp4,SMOOTH
test,7645215228394144-BACKPACK.mp4,BACKPACK1
test,9125917375808354-WE.mp4,WE
test,3361206778822319-DOWNHILL.mp4,DOWNHILL
test,7974779200162558-JUICE 2.mp4,JUICE1
test,9886284039521753-SCOLD.mp4,SCOLD
test,5203103967185838-POWDER.mp4,POWDER
test,9276480176294728-SOCIAL.mp4,SOCIAL
test,4369569441624308-PULL CONVINCE.mp4,PULLCONVINCE
test,4803845809175722-CAPTURE.mp4,CAPTURE
test,6568301773507554-PONDER.mp4,PONDER
test,6052041147470333-JOKE.mp4,JOKE
test,7653988562697651-SOCIETY.mp4,SOCIETY
test,23898857682648234-WATERDROP.mp4,WATERDROP
test,6158933637490949-ANYONE.mp4,ANYONE
test,3425142830042933-CEMETERY.mp4,CEMETERY
test,8306510210981155-FAIL.mp4,FAIL
test,5885260079894912-ALL OF_SUDDEN.mp4,ALLOFSUDDEN
test,5612019993183683-TOTAL.mp4,TOTAL
test,3540908780175078-COOL 3.mp4,COOL3
test,656903887795433-FASHION.mp4,FASHION
test,280244962956949-LONG AGO.mp4,LONGAGO
test,13928219593266067-BECOME.mp4,BECOME
test,7275550135371469-IMPROVE.mp4,IMPROVE
test,2999049652734127-UNCERTAIN.mp4,UNCERTAIN
test,1489836683335155-GREET.mp4,GREET1
test,7140317580359321-PROPOSE.mp4,PROPOSE
test,9776585747981918-TOSS OUT.mp4,TOSSOUT
test,22561815263397267-SQUARE.mp4,SQUARE
test,011716531366529281-APPLE.mp4,APPLE
test,5035723296966363-IMPOSSIBLE.mp4,IMPOSSIBLE
test,5000381825168134-PARK.mp4,PARK
test,9581399154633741-SOCCER 2.mp4,SOCCER2
test,3219737697335432-APPLE.mp4,APPLE
test,9978442343622909-IMPOSSIBLE.mp4,IMPOSSIBLE
test,8228192195083259-PARK.mp4,PARK
test,9577147390367295-SOCCER 2.mp4,SOCCER2
test,8481853616455908-STINK.mp4,STINK
test,5219110240022744-ROSE.mp4,ROSE
test,2249939455693064-HUG.mp4,HUG
test,12316526982357767-TUBE.mp4,TUBE
test,4237675147020188-COUNT.mp4,COUNT
test,27635278362144855-NICE.mp4,NICE
test,2637157686659617-EASY TO_DO.mp4,EASYTODO
test,3625952852246006-INFLUENCE.mp4,INFLUENCE
test,38581067843008676-PEACOCK.mp4,PEACOCK
test,6542981676540034-CIRCUSWHEEL.mp4,CIRCUSWHEEL
test,6657895793756088-NOSE.mp4,NOSE
test,03992831857016643-GYM.mp4,GYM
test,8583439063675573-WEAVE.mp4,WEAVE
test,9026914923526994-SMOOTH.mp4,SMOOTH
test,0035239519721155244-BACKPACK.mp4,BACKPACK1
test,5516631277912989-WE.mp4,WE
test,19504771270327392-DOWNHILL.mp4,DOWNHILL
test,6509025005028912-JUICE 2.mp4,JUICE1
test,533061673201898-SCOLD.mp4,SCOLD
test,16577474898397448-POWDER.mp4,POWDER
test,06177582688637262-PARK.mp4,PARK
test,4234657375773241-SOCCER 2.mp4,SOCCER2
test,09043790147657482-SOCIAL.mp4,SOCIAL
test,7791512047489262-PULL CONVINCE.mp4,PULLCONVINCE
test,5969891552315867-CAPTURE.mp4,CAPTURE
test,43431970898118655-PONDER.mp4,PONDER
test,4458076498397452-JOKE.mp4,JOKE
test,9011186830988667-SOCIETY.mp4,SOCIETY
test,21465005886185806-WATERDROP.mp4,WATERDROP
test,8101190988385516-ANYONE.mp4,ANYONE
test,17654288627517722-MAPLE.mp4,MAPLE
test,34767733467328754-CEMETERY.mp4,CEMETERY
test,0645859742166186-FAIL.mp4,FAIL
test,6424296514507701-KNIGHT.mp4,KNIGHT1
test,9885919115657631-ALL OF_SUDDEN.mp4,ALLOFSUDDEN
test,9333281061917453-TOTAL.mp4,TOTAL
test,9330499443853777-COOL 3.mp4,COOL3
test,22290029814572643-FASHION.mp4,FASHION
test,4355480080455063-LONG AGO.mp4,LONGAGO
test,707214880283084-BECOME.mp4,BECOME
test,22607819974837406-IMPROVE.mp4,IMPROVE
test,9720099380696319-UNCERTAIN.mp4,UNCERTAIN
test,1091090945836426-GREET.mp4,GREET1
test,12245957519831663-PROPOSE.mp4,PROPOSE
test,06553890152621356-TOSS OUT.mp4,TOSSOUT
test,05340482742741659-SQUARE.mp4,SQUARE
test,07612779065613395-STINK.mp4,STINK
test,5071160357660403-EMPTY 2.mp4,EMPTY2
test,06596652190118824-ROSE.mp4,ROSE
test,740862240979959-HUG.mp4,HUG
test,6787795381454247-TUBE.mp4,TUBE
test,9641716767561754-COUNT.mp4,COUNT
test,9170402935558137-NICE.mp4,NICE
test,4060290285689341-EASY TO_DO.mp4,EASYTODO
test,20450044612197926-INFLUENCE.mp4,INFLUENCE
test,7342369305427745-PEACOCK.mp4,PEACOCK
test,4888565597437038-CIRCUSWHEEL.mp4,CIRCUSWHEEL
test,11100447586620077-NOSE.mp4,NOSE
test,1161798561112175-GYM.mp4,GYM
test,30292543425775187-WEAVE.mp4,WEAVE
test,8627404531790654-SMOOTH.mp4,SMOOTH
test,4738658549039212-BACKPACK.mp4,BACKPACK1
test,11313336559383713-WE.mp4,WE
test,5702224682597345-DOWNHILL.mp4,DOWNHILL
test,9459597436871814-JUICE 2.mp4,JUICE1
test,0731763633242224-SCOLD.mp4,SCOLD
test,07576347271145623-POWDER.mp4,POWDER
test,23550667816262116-SOCIAL.mp4,SOCIAL
test,36615987323138266-PULL CONVINCE.mp4,PULLCONVINCE
test,7722395612351456-CAPTURE.mp4,CAPTURE
test,11627173480736719-PONDER.mp4,PONDER
test,40008425505075484-JOKE.mp4,JOKE
test,8357681368333663-SOCIETY.mp4,SOCIETY
test,14591369031492563-WATERDROP.mp4,WATERDROP
test,558952987894197-ANYONE.mp4,ANYONE
test,6176064285060452-CEMETERY.mp4,CEMETERY
test,5096694289924761-FAIL.mp4,FAIL
test,4796789891057993-ALL OF_SUDDEN.mp4,ALLOFSUDDEN
test,21292817361779193-TOTAL.mp4,TOTAL
test,705756639952837-COOL 3.mp4,COOL3
test,1529704613710321-FASHION.mp4,FASHION
test,8929404568287749-LONG AGO.mp4,LONGAGO
test,5576735775385298-BECOME.mp4,BECOME
test,1588574276041994-IMPROVE.mp4,IMPROVE
test,627834027126682-UNCERTAIN.mp4,UNCERTAIN
test,22374475855794462-GREET.mp4,GREET1
test,9401971052754663-PROPOSE.mp4,PROPOSE
test,18372243413660638-TOSS OUT.mp4,TOSSOUT
test,2603256789477888-SQUARE.mp4,SQUARE
test,3756701636134365-SOCIAL.mp4,SOCIAL
test,6087095754086718-PULL CONVINCE.mp4,PULLCONVINCE
test,9867166920593038-CAPTURE.mp4,CAPTURE
test,31854192784744484-PONDER.mp4,PONDER
test,7573683637678914-JOKE.mp4,JOKE
test,48282240447519165-SOCIETY.mp4,SOCIETY
test,14853913650607975-WATERDROP.mp4,WATERDROP
test,1777858686581253-ANYONE.mp4,ANYONE
test,9526180645276527-MAPLE.mp4,MAPLE
test,06763934192733045-CEMETERY.mp4,CEMETERY
test,13870986746937408-FAIL.mp4,FAIL
test,2701178897396648-KNIGHT.mp4,KNIGHT1
test,4674665809049434-ALL OF_SUDDEN.mp4,ALLOFSUDDEN
test,056492039983843556-TOTAL.mp4,TOTAL
test,08519786688964781-COOL 3.mp4,COOL3
test,45507300020278585-FASHION.mp4,FASHION
test,22170694662564117-LONG AGO.mp4,LONGAGO
test,595659331701432-BECOME.mp4,BECOME
test,7683708873338428-IMPROVE.mp4,IMPROVE
test,9287650703586412-UNCERTAIN.mp4,UNCERTAIN
test,7194224251151913-GREET.mp4,GREET1
test,3152399974017448-PROPOSE.mp4,PROPOSE
test,7332206315718264-TOSS OUT.mp4,TOSSOUT
test,6942415884259956-SQUARE.mp4,SQUARE
test,20442639095429826-EMPTY 2.mp4,EMPTY2
test,3864598272222315-STINK.mp4,STINK
test,29860287695934074-ROSE.mp4,ROSE
test,31376696329952014-HUG.mp4,HUG
test,9223227051297724-TUBE.mp4,TUBE
test,4077819048542368-COUNT.mp4,COUNT
test,0932147242090886-NICE.mp4,NICE
test,41570993599589023-EASY TO_DO.mp4,EASYTODO
test,35218241426637076-INFLUENCE.mp4,INFLUENCE
test,3582612717372353-PEACOCK.mp4,PEACOCK
test,48832191040021633-CIRCUSWHEEL.mp4,CIRCUSWHEEL
test,2649632981009986-NOSE.mp4,NOSE
test,9148396498442806-GYM.mp4,GYM
test,09414199070197382-WEAVE.mp4,WEAVE
test,9063001579709156-SMOOTH.mp4,SMOOTH
test,6011935580208898-BACKPACK.mp4,BACKPACK1
test,6913451457780051-WE.mp4,WE
test,6286731750503143-DOWNHILL.mp4,DOWNHILL
test,07309619016174085-JUICE 2.mp4,JUICE1
test,11755564744809233-SCOLD.mp4,SCOLD
test,3737998467747772-POWDER.mp4,POWDER
test,32244369390325667-APPLE.mp4,APPLE
test,9085896896916874-IMPOSSIBLE.mp4,IMPOSSIBLE
test,2686788005902119-MAPLE.mp4,MAPLE
test,31090954261767045-KNIGHT.mp4,KNIGHT1
test,19492058400267154-EMPTY 2.mp4,EMPTY2
test,14570703812244234-PARK.mp4,PARK
test,7207149795563565-SOCCER 2.mp4,SOCCER2
test,804248624183526-STINK.mp4,STINK
test,30770973031913984-ROSE.mp4,ROSE
test,12866631278833784-HUG.mp4,HUG
test,38651568079198095-TUBE.mp4,TUBE
test,2535065277335016-COUNT.mp4,COUNT
test,8088387924719447-NICE.mp4,NICE
test,8434444850034475-EASY TO_DO.mp4,EASYTODO
test,9266846340915256-INFLUENCE.mp4,INFLUENCE
test,5221006274861459-PEACOCK.mp4,PEACOCK
test,5982656946251841-CIRCUSWHEEL.mp4,CIRCUSWHEEL
test,7964037565939572-NOSE.mp4,NOSE
test,9132163082496201-GYM.mp4,GYM
test,8113971295807239-WEAVE.mp4,WEAVE
test,5859781457604074-SMOOTH.mp4,SMOOTH
test,3584674453434542-BACKPACK.mp4,BACKPACK1
test,4810638311866906-WE.mp4,WE
test,4990155747183711-DOWNHILL.mp4,DOWNHILL
test,06785468898649971-JUICE 2.mp4,JUICE1
test,8707085422345078-SCOLD.mp4,SCOLD
test,4348580347951976-POWDER.mp4,POWDER
test,4489686073671546-SOCIAL.mp4,SOCIAL
test,5966490068165968-PULL CONVINCE.mp4,PULLCONVINCE
test,559751821509622-CAPTURE.mp4,CAPTURE
test,6434390057625317-PONDER.mp4,PONDER
test,6109463216925328-JOKE.mp4,JOKE
test,9918066360083451-SOCIETY.mp4,SOCIETY
test,9787245795496371-WATERDROP.mp4,WATERDROP
test,5241036116526541-ANYONE.mp4,ANYONE
test,8324281666299067-CEMETERY.mp4,CEMETERY
test,44343358805798005-FAIL.mp4,FAIL
test,11786857072598522-ALL OF_SUDDEN.mp4,ALLOFSUDDEN
test,14475290859238732-TOTAL.mp4,TOTAL
test,5666794693555826-COOL 3.mp4,COOL3
test,13331720453782103-FASHION.mp4,FASHION
test,12717076532422422-LONG AGO.mp4,LONGAGO
test,14729951997994695-BECOME.mp4,BECOME
test,5562889267642712-IMPROVE.mp4,IMPROVE
test,9344695882690792-UNCERTAIN.mp4,UNCERTAIN
test,7852351012415277-GREET.mp4,GREET1
test,3488877908964194-PROPOSE.mp4,PROPOSE
test,058232123701175365-TOSS OUT.mp4,TOSSOUT
test,8611130910053586-SQUARE.mp4,SQUARE
test,6162988797399023-APPLE.mp4,APPLE
test,590096727965362-IMPOSSIBLE.mp4,IMPOSSIBLE
test,6255149958777317-MAPLE.mp4,MAPLE
test,5339362864225501-KNIGHT.mp4,KNIGHT1
test,4468174850137181-EMPTY 2.mp4,EMPTY2
test,6979282785899277-PARK.mp4,PARK
test,751062829442714-SOCCER 2.mp4,SOCCER2
test,8104281786746184-STINK.mp4,STINK
test,8306595455078678-ROSE.mp4,ROSE
test,9588496367896835-HUG.mp4,HUG
test,9738886425770577-TUBE.mp4,TUBE
test,8572681168009033-COUNT.mp4,COUNT
test,6806854589294902-NICE.mp4,NICE
test,2613618022117379-EASY TO_DO.mp4,EASYTODO
test,6287725401291424-INFLUENCE.mp4,INFLUENCE
test,6872902664088758-PEACOCK.mp4,PEACOCK
test,7771489268934204-CIRCUSWHEEL.mp4,CIRCUSWHEEL
test,8013809161550702-NOSE.mp4,NOSE
test,6520908878319787-GYM.mp4,GYM
test,351208542325504-WEAVE.mp4,WEAVE
test,14390427372569858-SMOOTH.mp4,SMOOTH
test,7639127940687449-BACKPACK.mp4,BACKPACK1
test,20125165654570076-WE.mp4,WE
test,23662794280475352-DOWNHILL.mp4,DOWNHILL
test,3554165132044149-JUICE 2.mp4,JUICE1
test,5855371054691789-SCOLD.mp4,SCOLD
test,42589193833662864-POWDER.mp4,POWDER
test,23472909592098046-SOCIAL.mp4,SOCIAL
test,31565553555172965-PULL CONVINCE.mp4,PULLCONVINCE
test,3017683204778152-CAPTURE.mp4,CAPTURE
test,673007599300742-PONDER.mp4,PONDER
test,6077589281087066-JOKE.mp4,JOKE
test,3325422719129627-SOCIETY.mp4,SOCIETY
test,7865137422893449-WATERDROP.mp4,WATERDROP
test,8485513646497005-ANYONE.mp4,ANYONE
test,09262919077219123-CEMETERY.mp4,CEMETERY
test,8930687706484837-FAIL.mp4,FAIL
test,6248238472505623-ALL OF_SUDDEN.mp4,ALLOFSUDDEN
test,46412523027193586-TOTAL.mp4,TOTAL
test,025240997120437703-COOL 3.mp4,COOL3
test,5444765187095522-FASHION.mp4,FASHION
test,4729286691643495-LONG AGO.mp4,LONGAGO
test,634731085380404-BECOME.mp4,BECOME
test,03336917976569942-IMPROVE.mp4,IMPROVE
test,1598814334319114-UNCERTAIN.mp4,UNCERTAIN
test,38841224048226297-GREET.mp4,GREET1
test,7964955243674177-PROPOSE.mp4,PROPOSE
test,06155312077527264-TOSS OUT.mp4,TOSSOUT
test,8922501063940509-SQUARE.mp4,SQUARE
test,789374508489777-APPLE.mp4,APPLE
test,3427168064450039-IMPOSSIBLE.mp4,IMPOSSIBLE
test,05851053286164376-PARK.mp4,PARK
test,4087545522469531-APPLE.mp4,APPLE
test,7013359602026294-IMPOSSIBLE.mp4,IMPOSSIBLE
test,050218565547043514-PARK.mp4,PARK
test,4982662953116501-SOCCER 2.mp4,SOCCER2
test,23726654980736295-STINK.mp4,STINK
test,32486424199459063-ROSE.mp4,ROSE
test,9605514183091044-HUG.mp4,HUG
test,8665280601243064-TUBE.mp4,TUBE
test,41316760889785353-COUNT.mp4,COUNT
test,9280199027277918-NICE.mp4,NICE
test,05450889049483698-EASY TO_DO.mp4,EASYTODO
test,0983141844046882-INFLUENCE.mp4,INFLUENCE
test,5461298448077707-PEACOCK.mp4,PEACOCK
test,33880288807202885-CIRCUSWHEEL.mp4,CIRCUSWHEEL
test,388068410054895-NOSE.mp4,NOSE
test,49489609191258865-GYM.mp4,GYM
test,4856713278281046-WEAVE.mp4,WEAVE
test,15695046029034265-SMOOTH.mp4,SMOOTH
test,7351437566394112-BACKPACK.mp4,BACKPACK1
test,17534725959416075-WE.mp4,WE
test,06742375845323867-DOWNHILL.mp4,DOWNHILL
test,9242608573673994-JUICE 2.mp4,JUICE1
test,9150955423050486-SCOLD.mp4,SCOLD
test,05304566359743257-POWDER.mp4,POWDER
test,42573508431586493-SOCIAL.mp4,SOCIAL
test,44740791162322613-PULL CONVINCE.mp4,PULLCONVINCE
test,7923809498792325-CAPTURE.mp4,CAPTURE
test,31079920245940595-PONDER.mp4,PONDER
test,9899831305523452-JOKE.mp4,JOKE
test,5710267974386394-SOCIETY.mp4,SOCIETY
test,5731912964283357-WATERDROP.mp4,WATERDROP
test,4993288821586179-ANYONE.mp4,ANYONE
test,40684817790121275-MAPLE.mp4,MAPLE
test,8644314090326979-CEMETERY.mp4,CEMETERY
test,23381035098456993-FAIL.mp4,FAIL
test,13614436278754405-KNIGHT.mp4,KNIGHT1
test,2518282513725827-ALL OF_SUDDEN.mp4,ALLOFSUDDEN
test,22877566174374864-TOTAL.mp4,TOTAL
test,9607093565124096-COOL 3.mp4,COOL3
test,21005143376416546-FASHION.mp4,FASHION
test,12682793483072796-LONG AGO.mp4,LONGAGO
test,6362588132689482-BECOME.mp4,BECOME
test,5744898314578135-IMPROVE.mp4,IMPROVE
test,17168710117755825-UNCERTAIN.mp4,UNCERTAIN
test,3550010282271576-GREET.mp4,GREET1
test,5767966990546634-PROPOSE.mp4,PROPOSE
test,48103913635058726-TOSS OUT.mp4,TOSSOUT
test,19590866777268623-SQUARE.mp4,SQUARE
test,5134322963568105-EMPTY 2.mp4,EMPTY2
test,30574692353796706-PULL CONVINCE.mp4,PULLCONVINCE
test,3413128719696481-CAPTURE.mp4,CAPTURE
test,9275047717018603-PONDER.mp4,PONDER
test,5597061336024889-JOKE.mp4,JOKE
test,9984806937929429-SOCIETY.mp4,SOCIETY
test,9491159299799268-WATERDROP.mp4,WATERDROP
test,06275594280373986-ANYONE.mp4,ANYONE
test,3866743159985997-MAPLE.mp4,MAPLE
test,3474152794017067-CEMETERY.mp4,CEMETERY
test,4832444981501538-FAIL.mp4,FAIL
test,6067700660442612-KNIGHT.mp4,KNIGHT1
test,31999967028554943-ALL OF_SUDDEN.mp4,ALLOFSUDDEN
test,8515066994060365-TOTAL.mp4,TOTAL
test,7176335998708017-COOL 3.mp4,COOL3
test,10585098743801491-FASHION.mp4,FASHION
test,7951823441444037-LONG AGO.mp4,LONGAGO
test,6018850425855893-BECOME.mp4,BECOME
test,1585206908392227-IMPROVE.mp4,IMPROVE
test,5671935503449255-UNCERTAIN.mp4,UNCERTAIN
test,8522071321786755-GREET.mp4,GREET1
test,23563101909853112-PROPOSE.mp4,PROPOSE
test,8658217461972462-TOSS OUT.mp4,TOSSOUT
test,055551097884108946-SQUARE.mp4,SQUARE
test,07020288264965746-EMPTY 2.mp4,EMPTY2
test,8917376974712743-SOCCER 2.mp4,SOCCER2
test,8831937512691681-STINK.mp4,STINK
test,8479925370113075-ROSE.mp4,ROSE
test,7728875223059739-HUG.mp4,HUG
test,5357565910047672-TUBE.mp4,TUBE
test,1672775705095939-COUNT.mp4,COUNT
test,6859083410479805-NICE.mp4,NICE
test,561607982613201-EASY TO_DO.mp4,EASYTODO
test,880824907189242-INFLUENCE.mp4,INFLUENCE
test,8759584910548674-PEACOCK.mp4,PEACOCK
test,905060739104464-CIRCUSWHEEL.mp4,CIRCUSWHEEL
test,08859205707077078-NOSE.mp4,NOSE
test,28103833209729934-GYM.mp4,GYM
test,7191118839459061-WEAVE.mp4,WEAVE
test,7575548376303345-SMOOTH.mp4,SMOOTH
test,4940860404214378-BACKPACK.mp4,BACKPACK1
test,08935802292404782-WE.mp4,WE
test,7423686861739605-DOWNHILL.mp4,DOWNHILL
test,7470973628953963-JUICE 2.mp4,JUICE1
test,009193373069779298-SCOLD.mp4,SCOLD
test,08907752779368372-POWDER.mp4,POWDER
test,5134516240200118-SOCIAL.mp4,SOCIAL
test,7956404716189542-ROSE.mp4,ROSE
test,2356129337913393-HUG.mp4,HUG
test,7499291196299362-TUBE.mp4,TUBE
test,5246173719193064-COUNT.mp4,COUNT
test,3906677928425868-NICE.mp4,NICE
test,7933878544125952-EASY TO_DO.mp4,EASYTODO
test,38338551507991747-INFLUENCE.mp4,INFLUENCE
test,8228248896801926-PEACOCK.mp4,PEACOCK
test,5192997075871153-CIRCUSWHEEL.mp4,CIRCUSWHEEL
test,8740752793195805-NOSE.mp4,NOSE
test,14231714376639792-GYM.mp4,GYM
test,9822619907137469-WEAVE.mp4,WEAVE
test,8972164381175893-SMOOTH.mp4,SMOOTH
test,8142687077432298-BACKPACK.mp4,BACKPACK1
test,6478160544982563-WE.mp4,WE
test,3361771990146405-DOWNHILL.mp4,DOWNHILL
test,6605783350385293-JUICE 2.mp4,JUICE1
test,9303132536630465-SCOLD.mp4,SCOLD
test,1250779117233347-POWDER.mp4,POWDER
test,4346601794207454-SOCIAL.mp4,SOCIAL
test,7130845415896367-KNIGHT.mp4,KNIGHT1
test,6976949013482525-FASHION.mp4,FASHION
test,8893172628755586-APPLE.mp4,APPLE
test,7401806361173147-IMPOSSIBLE.mp4,IMPOSSIBLE
test,30330038219911026-PARK.mp4,PARK
test,005788549797893117-STINK.mp4,STINK
test,13607109882500157-SOCCER 2.mp4,SOCCER2
test,2439848722216198-PULL CONVINCE.mp4,PULLCONVINCE
test,20840691513845444-CAPTURE.mp4,CAPTURE
test,6141571454900683-PONDER.mp4,PONDER
test,6454957272181174-JOKE.mp4,JOKE
test,8882593476676703-SOCIETY.mp4,SOCIETY
test,197262962905419-WATERDROP.mp4,WATERDROP
test,40640709805278785-ANYONE.mp4,ANYONE
test,014045128526052997-MAPLE.mp4,MAPLE
test,17477754398988732-CEMETERY.mp4,CEMETERY
test,9599466909097483-FAIL.mp4,FAIL
test,520986092861234-ALL OF_SUDDEN.mp4,ALLOFSUDDEN
test,10220399765602428-TOTAL.mp4,TOTAL
test,8234071855491691-COOL 3.mp4,COOL3
test,6943455642203764-LONG AGO.mp4,LONGAGO
test,5764019978486654-BECOME.mp4,BECOME
test,40638702666442783-IMPROVE.mp4,IMPROVE
test,03189503061273613-UNCERTAIN.mp4,UNCERTAIN
test,25196207384020064-GREET.mp4,GREET1
test,34934905850403086-PROPOSE.mp4,PROPOSE
test,9716509872639485-TOSS OUT.mp4,TOSSOUT
test,03496082555320812-SQUARE.mp4,SQUARE
test,45844576586594177-EMPTY 2.mp4,EMPTY2